Workbook

Sheet Dashboard
B1: STRIDEWEAR FOOTWEAR | H1: Select Customer Segment | J1: All | K1: =IF(J1="All",SUM('Recovery Analysis'!B19:B24),SUMIF('Recovery Analysis'!A19:A24,J1,'Recovery Analysis'!B19:B24)) -> 93
B2: CUSTOMER RETENTION & SALES RECOVERY ANALYSIS
B4: Total Customer Accounts | E4: Q1 Total Orders | H4: Q3 Total Orders
B5: ='Recovery Analysis'!G14 -> 93 | E5: ='Recovery Analysis'!G15 -> 524 | H5: ='Recovery Analysis'!G16 -> 568
B7: Order Growth Volume | E7: No of At-Risk Accounts | H7: At-Risk Order Decline
B8: ='Recovery Analysis'!G17 -> 0.084 | E8: ='Recovery Analysis'!G18 -> 31 | H8: ='Recovery Analysis'!G21 -> 0.675

Sheet Chart Data
A3: Customer Segment | B3: Number of Accounts | E3: Quarter | F3: Total Orders
A4: Still Churned | B4: ='Recovery Analysis'!B6 -> 23 | E4: Q1 | F4: 524
A5: Stable / Active | E5: Q2 | F5: 339
A6: Recovered in Q3 | B6: 13 | E6: Q3 | F6: 568
A7: New Trial Accounts | B7: 8
A8: Inactive / Other | B8: 6
A9: Critical Decline | B9: 6 | E9: At-Risk Category | F9: Accounts
E10: Still Churned | F10: 23
E11: Critical Decline | F11: 8

Sheet Recovery Analysis
A1: STRIDEWEAR FOOTWEAR
A3: CHURNED SUMMARY | F3: Critical decline accounts SUMMARY | I3: At-risk account summary
A4: Metric | B4: Result | F4: Metric | G4: Result | I4: Metric | J4: Result
A5: Total accounts analysed | B5: 93 | F5: Total Q1 orders | G5: 115 | I5: At-risk accounts | J5: 31
A6: Churned accounts | B6: 23 | F6: Total Q3 orders | G6: 52 | I6: Total Q1 orders | J6: 160
A7: Q1 orders from churned accounts | B7: 45 | F7: Critical decline accounts | G7: 8 | I7: Total Q3 orders | J7: 52
A8: Churned accounts as % of total accounts | B8: 0.2473 | F8: % of total Q1 order volume | G8: 0.22 | I8: Share of total Q1 order volume | J8: 0.3053
A9: Churned Volume Share (%) | B9: 0.0859 | F9: Q1–Q3 order decline | G9: 0.5478 | I9: Q1–Q3 order decline | J9: 0.675
A11: New Trial accounts summary
A12: Metric | B12: Result | F12: total summary
A13: New trial accounts | B13: 13 | F13: Metric | G13: Result
A14: Total Q3 orders | B14: 16 | F14: Total accounts analysed | G14: 93
A15: Average Q3 orders per account | B15: 1.23 | F15: Total Q1 orders | G15: 524
F16: Total Q3 orders | G16: 568
F17: Overall Q1–Q3 order growth | G17: 0.084
A18: Customer Segment | B18: Number of Accounts | F18: At-risk accounts | G18: 31
A19: Stable / Active | B19: 37 | F19: Q1 orders from at-risk accounts | G19: 160
A20: Still Churned | B20: 23 | F20: Q3 orders from at-risk accounts | G20: 52
A21: New Trial Accounts | B21: 13 | F21: Decline in at-risk account orders | G21: 0.675
A22: Critical Decline | B22: 8 | F22: Total Q2 orders | G22: ='Validation Tracker'!J9 -> 0
A23: Recovered in Q3 | B23: 6
A24: Inactive / Other | B24: 6
A27: Customer Segment | B27: Number of Accounts
A28: =IF(Dashboard!$J$1="All",A19,IF(ROWS($A$28:A28)=1,Dashboard!$J$1,"")) -> Stable / Active | B28: =IF(A28="","",SUMIF($A$19:$A$24,A28,$B$19:$B$24)) -> 37
A29: =IF(Dashboard!$J$1="All",A20,IF(ROWS($A$28:A29)=1,Dashboard!$J$1,"")) -> Still Churned | B29: =IF(A29="","",SUMIF($A$19:$A$24,A29,$B$19:$B$24)) -> 23
A30: =IF(Dashboard!$J$1="All",A21,IF(ROWS($A$28:A30)=1,Dashboard!$J$1,"")) -> New Trial Accounts | B30: =IF(A30="","",SUMIF($A$19:$A$24,A30,$B$19:$B$24)) -> 13
A31: =IF(Dashboard!$J$1="All",A22,IF(ROWS($A$28:A31)=1,Dashboard!$J$1,"")) -> Critical Decline | B31: =IF(A31="","",SUMIF($A$19:$A$24,A31,$B$19:$B$24)) -> 8
A32: =IF(Dashboard!$J$1="All",A23,IF(ROWS($A$28:A32)=1,Dashboard!$J$1,"")) -> Recovered in Q3 | B32: =IF(A32="","",SUMIF($A$19:$A$24,A32,$B$19:$B$24)) -> 6
A33: =IF(Dashboard!$J$1="All",A24,IF(ROWS($A$28:A33)=1,Dashboard!$J$1,"")) -> Inactive / Other | B33: =IF(A33="","",SUMIF($A$19:$A$24,A33,$B$19:$B$24)) -> 6

Sheet Validation pivot
A3: Count of Order Pay | B3: Column Labels
A4: Row Labels | B4: Q1 | C4: Q2 | D4: Q3 | E4: Grand Total
A5: Account 001 | B5: 8 | C5: 17 | D5: 14 | E5: 39
A6: Account 002 | B6: 2 | E6: 2
A7: Account 003 | B7: 2 | C7: 2 | D7: 4 | E7: 8
A8: Account 004 | B8: 4 | E8: 4
A9: Account 005 | B9: 54 | C9: 49 | D9: 71 | E9: 174
A10: Account 006 | B10: 25 | C10: 17 | D10: 14 | E10: 56
A11: Account 007 | B11: 45 | C11: 27 | D11: 69 | E11: 141
A12: Account 008 | B12: 14 | C12: 3 | D12: 4 | E12: 21
A13: Account 009 | B13: 37 | C13: 42 | D13: 71 | E13: 150
A14: Account 010 | B14: 68 | C14: 12 | D14: 58 | E14: 138
A15: Account 011 | B15: 1 | C15: 6 | D15: 13 | E15: 20
A16: Account 012 | B16: 15 | C16: 12 | D16: 4 | E16: 31
A17: Account 013 | B17: 4 | C17: 1 | D17: 2 | E17: 7
A18: Account 014 | B18: 7 | C18: 8 | D18: 6 | E18: 21
A19: Account 015 | B19: 12 | C19: 2 | D19: 3 | E19: 17
A20: Account 016 | B20: 1 | E20: 1
A21: Account 017 | B21: 27 | C21: 11 | D21: 16 | E21: 54
A22: Account 018 | B22: 17 | C22: 12 | D22: 20 | E22: 49
A23: Account 019 | B23: 1 | C23: 1 | E23: 2
A24: Account 020 | B24: 10 | C24: 9 | D24: 15 | E24: 34
A25: Account 021 | B25: 8 | D25: 4 | E25: 12
A26: Account 022 | B26: 3 | C26: 2 | D26: 4 | E26: 9
A27: Account 023 | B27: 13 | C27: 4 | D27: 13 | E27: 30
A28: Account 024 | B28: 7 | C28: 2 | D28: 6 | E28: 15
A29: Account 025 | B29: 50 | C29: 26 | D29: 44 | E29: 120
A30: Account 026 | B30: 1 | D30: 1 | E30: 2
A31: Account 030 | B31: 4 | C31: 5 | E31: 9
A32: Account 031 | B32: 2 | C32: 1 | D32: 4 | E32: 7
A33: Account 032 | B33: 13 | C33: 5 | D33: 7 | E33: 25
A34: Account 033 | B34: 3 | C34: 1 | D34: 6 | E34: 10
A35: Account 034 | B35: 1 | C35: 1 | E35: 2
A36: Account 035 | B36: 2 | C36: 1 | D36: 2 | E36: 5
A37: Account 036 | B37: 3 | E37: 3
A38: Account 037 | B38: 3 | E38: 3
A39: Account 038 | B39: 5 | C39: 3 | D39: 7 | E39: 15
A40: Account 039 | B40: 1 | C40: 5 | D40: 1 | E40: 7
A41: Account 040 | B41: 3 | D41: 2 | E41: 5
A42: Account 041 | B42: 1 | E42: 1
A43: Account 042 | B43: 2 | D43: 2 | E43: 4
A44: Account 043 | B44: 1 | E44: 1
A45: Account 044 | B45: 5 | C45: 2 | D45: 2 | E45: 9
A46: Account 045 | B46: 1 | E46: 1
A47: Account 046 | B47: 8 | C47: 7 | D47: 10 | E47: 25
A48: Account 047 | B48: 1 | E48: 1
A49: Account 049 | B49: 3 | E49: 3
A50: Account 050 | B50: 1 | D50: 1 | E50: 2
A51: Account 051 | B51: 2 | C51: 3 | E51: 5
A52: Account 052 | B52: 2 | C52: 1 | E52: 3
A53: Account 053 | B53: 5 | E53: 5
A54: Account 054 | B54: 1 | C54: 3 | D54: 3 | E54: 7
A55: Account 055 | B55: 1 | C55: 2 | D55: 2 | E55: 5
A56: Account 056 | B56: 1 | C56: 1 | E56: 2
A57: Account 057 | B57: 1 | E57: 1
A58: Account 058 | B58: 2 | C58: 2 | D58: 5 | E58: 9
A59: Account 059 | B59: 2 | E59: 2
A60: Account 060 | B60: 1 | C60: 1 | E60: 2
A61: Account 061 | B61: 1 | D61: 1 | E61: 2
A62: Account 062 | B62: 1 | C62: 2 | E62: 3
A63: Account 063 | B63: 2 | C63: 1 | E63: 3
A64: Account 064 | B64: 2 | E64: 2
A65: Account 065 | B65: 1 | C65: 5 | D65: 14 | E65: 20
A66: Account 066 | C66: 3 | E66: 3
A67: Account 067 | C67: 1 | D67: 1 | E67: 2
A68: Account 068 | C68: 1 | E68: 1
A69: Account 069 | C69: 2 | D69: 1 | E69: 3
A70: Account 072 | C70: 1 | D70: 2 | E70: 3
A71: Account 073 | C71: 1 | D71: 1 | E71: 2
A72: Account 074 | C72: 1 | E72: 1
A73: Account 075 | C73: 2 | E73: 2
A74: Account 076 | C74: 4 | D74: 3 | E74: 7
A75: Account 077 | C75: 1 | D75: 3 | E75: 4
A76: Account 079 | C76: 1 | D76: 1 | E76: 2
A77: Account 080 | C77: 1 | E77: 1
A78: Account 083 | C78: 1 | D78: 1 | E78: 2
A79: Account 084 | C79: 1 | D79: 2 | E79: 3
A80: Account 085 | C80: 1 | E80: 1
A81: Account 086 | D81: 3 | E81: 3
A82: Account 087 | D82: 1 | E82: 1
A83: Account 088 | D83: 1 | E83: 1
A84: Account 089 | D84: 3 | E84: 3
A85: Account 090 | D85: 3 | E85: 3
A86: Account 091 | D86: 1 | E86: 1
A87: Account 092 | D87: 3 | E87: 3
A88: Account 093 | D88: 1 | E88: 1
A89: Account 094 | D89: 2 | E89: 2
A90: Account 096 | D90: 2 | E90: 2
A91: Account 097 | D91: 1 | E91: 1
A92: Account 098 | D92: 2 | E92: 2
... A97: Account 106 | D97: 1 | E97: 1
A98: Grand Total | B98: 524 | C98: 339 | D98: 568 | E98: 1431

Sheet Validation Tracker
A1: Count of Order Pay | B1: Column Labels
A2: Account Name | B2: Q1 | C2: Q2 | D2: Q3 | E2: Total volume at Risk | F2: Customer Status | G2: % Volume Lost
A3: Account 002 | B3: 2 | E3: =B3 -> 2 | F3: =IF(AND(B3>0,D3=0),"STILL CHURNED", IF(AND(B3>0,C3=0,D3>0),"Recovered in Q3", IF(AND(B3>0,D3>0,IFERROR((D3-B3)/B3,0)<=-0.4),"CRITICAL DECLINE", IF(AND(B3=0,C3=0,D3>0,D3<=2),"New Trial Account", IF(AND(B3=0,D3=0),"Inactive / One-Off", "Stable / Active"))))) -> STILL CHURNED | G3: =IFERROR((D3-B3)/B3,0) -> -1
A4: Account 004 | B4: 4 | E4: =B4 -> 4 | F4: =IF(AND(B4>0,D4=0),"STILL CHURNED", IF(AND(B4>0,C4=0,D4>0),"Recovered in Q3", IF(AND(B4>0,D4>0,IFERROR((D4-B4)/B4,0)<=-0.4),"CRITICAL DECLINE", IF(AND(B4=0,C4=0,D4>0,D4<=2),"New Trial Account", IF(AND(B4=0,D4=0),"Inactive / One-Off", "Stable / Active"))))) -> STILL CHURNED | G4: =IFERROR((D4-B4)/B4,0) -> -1 | I4: Q2 total order count | J4: =SUM(C3:C95) -> 339
A5: Account 016 | B5: 1 | E5: =B5 -> 1 | F5: =IF(AND(B5>0,D5=0),"STILL CHURNED", IF(AND(B5>0,C5=0,D5>0),"Recovered in Q3", IF(AND(B5>0,D5>0,IFERROR((D5-B5)/B5,0)<=-0.4),"CRITICAL DECLINE", IF(AND(B5=0,C5=0,D5>0,D5<=2),"New Trial Account", IF(AND(B5=0,D5=0),"Inactive / One-Off", "Stable / Active"))))) -> STILL CHURNED | G5: =IFERROR((D5-B5)/B5,0) -> -1
A6: Account 019 | B6: 1 | C6: 1 | E6: =B6 -> 1 | F6: =IF(AND(B6>0,D6=0),"STILL CHURNED", IF(AND(B6>0,C6=0,D6>0),"Recovered in Q3", IF(AND(B6>0,D6>0,IFERROR((D6-B6)/B6,0)<=-0.4),"CRITICAL DECLINE", IF(AND(B6=0,C6=0,D6>0,D6<=2),"New Trial Account", IF(AND(B6=0,D6=0),"Inactive / One-Off", "Stable / Active"))))) -> STILL CHURNED | G6: =IFERROR((D6-B6)/B6,0) -> -1
A7: Account 030 | B7: 4 | C7: 5 | E7: =B7 -> 4 | F7: =IF(AND(B7>0,D7=0),"STILL CHURNED", IF(AND(B7>0,C7=0,D7>0),"Recovered in Q3", IF(AND(B7>0,D7>0,IFERROR((D7-B7)/B7,0)<=-0.4),"CRITICAL DECLINE", IF(AND(B7=0,C7=0,D7>0,D7<=2),"New Trial Account", IF(AND(B7=0,D7=0),"Inactive / One-Off", "Stable / Active"))))) -> STILL CHURNED | G7: =IFERROR((D7-B7)/B7,0) -> -1
A8: Account 034 | B8: 1 | C8: 1 | E8: =B8 -> 1 | F8: =IF(AND(B8>0,D8=0),"STILL CHURNED", IF(AND(B8>0,C8=0,D8>0),"Recovered in Q3", IF(AND(B8>0,D8>0,IFERROR((D8-B8)/B8,0)<=-0.4),"CRITICAL DECLINE", IF(AND(B8=0,C8=0,D8>0,D8<=2),"New Trial Account", IF(AND(B8=0,D8=0),"Inactive / One-Off", "Stable / Active"))))) -> STILL CHURNED | G8: =IFERROR((D8-B8)/B8,0) -> -1
A9: Account 036 | B9: 3 | E9: =B9 -> 3 | F9: =IF(AND(B9>0,D9=0),"STILL CHURNED", IF(AND(B9>0,C9=0,D9>0),"Recovered in Q3", IF(AND(B9>0,D9>0,IFERROR((D9-B9)/B9,0)<=-0.4),"CRITICAL DECLINE", IF(AND(B9=0,C9=0,D9>0,D9<=2),"New Trial Account", IF(AND(B9=0,D9=0),"Inactive / One-Off", "Stable / Active"))))) -> STILL CHURNED | G9: =IFERROR((D9-B9)/B9,0) -> -1
A10: Account 037 | B10: 3 | E10: =B10 -> 3 | F10: =IF(AND(B10>0,D10=0),"STILL CHURNED", IF(AND(B10>0,C10=0,D10>0),"Recovered in Q3", IF(AND(B10>0,D10>0,IFERROR((D10-B10)/B10,0)<=-0.4),"CRITICAL DECLINE", IF(AND(B10=0,C10=0,D10>0,D10<=2),"New Trial Account", IF(AND(B10=0,D10=0),"Inactive / One-Off", "Stable / Active"))))) -> STILL CHURNED | G10: =IFERROR((D10-B10)/B10,0) -> -1
A11: Account 041 | B11: 1 | E11: =B11 -> 1 | F11: =IF(AND(B11>0,D11=0),"STILL CHURNED", IF(AND(B11>0,C11=0,D11>0),"Recovered in Q3", IF(AND(B11>0,D11>0,IFERROR((D11-B11)/B11,0)<=-0.4),"CRITICAL DECLINE", IF(AND(B11=0,C11=0,D11>0,D11<=2),"New Trial Account", IF(AND(B11=0,D11=0),"Inactive / One-Off", "Stable / Active"))))) -> STILL CHURNED | G11: =IFERROR((D11-B11)/B11,0) -> -1
A12: Account 043 | B12: 1 | E12: =B12 -> 1 | F12: =IF(AND(B12>0,D12=0),"STILL CHURNED", IF(AND(B12>0,C12=0,D12>0),"Recovered in Q3", IF(AND(B12>0,D12>0,IFERROR((D12-B12)/B12,0)<=-0.4),"CRITICAL DECLINE", IF(AND(B12=0,C12=0,D12>0,D12<=2),"New Trial Account", IF(AND(B12=0,D12=0),"Inactive / One-Off", "Stable / Active"))))) -> STILL CHURNED | G12: =IFERROR((D12-B12)/B12,0) -> -1
A13: Account 045 | B13: 1 | E13: =B13 -> 1 | F13: =IF(AND(B13>0,D13=0),"STILL CHURNED", IF(AND(B13>0,C13=0,D13>0),"Recovered in Q3", IF(AND(B13>0,D13>0,IFERROR((D13-B13)/B13,0)<=-0.4),"CRITICAL DECLINE", IF(AND(B13=0,C13=0,D13>0,D13<=2),"New Trial Account", IF(AND(B13=0,D13=0),"Inactive / One-Off", "Stable / Active"))))) -> STILL CHURNED | G13: =IFERROR((D13-B13)/B13,0) -> -1
A14: Account 047 | B14: 1 | E14: =B14 -> 1 | F14: =IF(AND(B14>0,D14=0),"STILL CHURNED", IF(AND(B14>0,C14=0,D14>0),"Recovered in Q3", IF(AND(B14>0,D14>0,IFERROR((D14-B14)/B14,0)<=-0.4),"CRITICAL DECLINE", IF(AND(B14=0,C14=0,D14>0,D14<=2),"New Trial Account", IF(AND(B14=0,D14=0),"Inactive / One-Off", "Stable / Active"))))) -> STILL CHURNED | G14: =IFERROR((D14-B14)/B14,0) -> -1
A15: Account 049 | B15: 3 | E15: =B15 -> 3 | F15: =IF(AND(B15>0,D15=0),"STILL CHURNED", IF(AND(B15>0,C15=0,D15>0),"Recovered in Q3", IF(AND(B15>0,D15>0,IFERROR((D15-B15)/B15,0)<=-0.4),"CRITICAL DECLINE", IF(AND(B15=0,C15=0,D15>0,D15<=2),"New Trial Account", IF(AND(B15=0,D15=0),"Inactive / One-Off", "Stable / Active"))))) -> STILL CHURNED | G15: =IFERROR((D15-B15)/B15,0) -> -1
A16: Account 051 | B16: 2 | C16: 3 | E16: =B16 -> 2 | F16: =IF(AND(B16>0,D16=0),"STILL CHURNED", IF(AND(B16>0,C16=0,D16>0),"Recovered in Q3", IF(AND(B16>0,D16>0,IFERROR((D16-B16)/B16,0)<=-0.4),"CRITICAL DECLINE", IF(AND(B16=0,C16=0,D16>0,D16<=2),"New Trial Account", IF(AND(B16=0,D16=0),"Inactive / One-Off", "Stable / Active"))))) -> STILL CHURNED | G16: =IFERROR((D16-B16)/B16,0) -> -1
A17: Account 052 | B17: 2 | C17: 1 | E17: =B17 -> 2 | F17: =IF(AND(B17>0,D17=0),"STILL CHURNED", IF(AND(B17>0,C17=0,D17>0),"Recovered in Q3", IF(AND(B17>0,D17>0,IFERROR((D17-B17)/B17,0)<=-0.4),"CRITICAL DECLINE", IF(AND(B17=0,C17=0,D17>0,D17<=2),"New Trial Account", IF(AND(B17=0,D17=0),"Inactive / One-Off", "Stable / Active"))))) -> STILL CHURNED | G17: =IFERROR((D17-B17)/B17,0) -> -1
A18: Account 053 | B18: 5 | E18: =B18 -> 5 | F18: =IF(AND(B18>0,D18=0),"STILL CHURNED", IF(AND(B18>0,C18=0,D18>0),"Recovered in Q3", IF(AND(B18>0,D18>0,IFERROR((D18-B18)/B18,0)<=-0.4),"CRITICAL DECLINE", IF(AND(B18=0,C18=0,D18>0,D18<=2),"New Trial Account", IF(AND(B18=0,D18=0),"Inactive / One-Off", "Stable / Active"))))) -> STILL CHURNED | G18: =IFERROR((D18-B18)/B18,0) -> -1
A19: Account 056 | B19: 1 | C19: 1 | E19: =B19 -> 1 | F19: =IF(AND(B19>0,D19=0),"STILL CHURNED", IF(AND(B19>0,C19=0,D19>0),"Recovered in Q3", IF(AND(B19>0,D19>0,IFERROR((D19-B19)/B19,0)<=-0.4),"CRITICAL DECLINE", IF(AND(B19=0,C19=0,D19>0,D19<=2),"New Trial Account", IF(AND(B19=0,D19=0),"Inactive / One-Off", "Stable / Active"))))) -> STILL CHURNED | G19: =IFERROR((D19-B19)/B19,0) -> -1
A20: Account 057 | B20: 1 | E20: =B20 -> 1 | F20: =IF(AND(B20>0,D20=0),"STILL CHURNED", IF(AND(B20>0,C20=0,D20>0),"Recovered in Q3", IF(AND(B20>0,D20>0,IFERROR((D20-B20)/B20,0)<=-0.4),"CRITICAL DECLINE", IF(AND(B20=0,C20=0,D20>0,D20<=2),"New Trial Account", IF(AND(B20=0,D20=0),"Inactive / One-Off", "Stable / Active"))))) -> STILL CHURNED | G20: =IFERROR((D20-B20)/B20,0) -> -1
A21: Account 059 | B21: 2 | E21: =B21 -> 2 | F21: =IF(AND(B21>0,D21=0),"STILL CHURNED", IF(AND(B21>0,C21=0,D21>0),"Recovered in Q3", IF(AND(B21>0,D21>0,IFERROR((D21-B21)/B21,0)<=-0.4),"CRITICAL DECLINE", IF(AND(B21=0,C21=0,D21>0,D21<=2),"New Trial Account", IF(AND(B21=0,D21=0),"Inactive / One-Off", "Stable / Active"))))) -> STILL CHURNED | G21: =IFERROR((D21-B21)/B21,0) -> -1
A22: Account 060 | B22: 1 | C22: 1 | E22: =B22 -> 1 | F22: =IF(AND(B22>0,D22=0),"STILL CHURNED", IF(AND(B22>0,C22=0,D22>0),"Recovered in Q3", IF(AND(B22>0,D22>0,IFERROR((D22-B22)/B22,0)<=-0.4),"CRITICAL DECLINE", IF(AND(B22=0,C22=0,D22>0,D22<=2),"New Trial Account", IF(AND(B22=0,D22=0),"Inactive / One-Off", "Stable / Active"))))) -> STILL CHURNED | G22: =IFERROR((D22-B22)/B22,0) -> -1
A23: Account 062 | B23: 1 | C23: 2 | E23: =B23 -> 1 | F23: =IF(AND(B23>0,D23=0),"STILL CHURNED", IF(AND(B23>0,C23=0,D23>0),"Recovered in Q3", IF(AND(B23>0,D23>0,IFERROR((D23-B23)/B23,0)<=-0.4),"CRITICAL DECLINE", IF(AND(B23=0,C23=0,D23>0,D23<=2),"New Trial Account", IF(AND(B23=0,D23=0),"Inactive / One-Off", "Stable / Active"))))) -> STILL CHURNED | G23: =IFERROR((D23-B23)/B23,0) -> -1
A24: Account 063 | B24: 2 | C24: 1 | E24: =B24 -> 2 | F24: =IF(AND(B24>0,D24=0),"STILL CHURNED", IF(AND(B24>0,C24=0,D24>0),"Recovered in Q3", IF(AND(B24>0,D24>0,IFERROR((D24-B24)/B24,0)<=-0.4),"CRITICAL DECLINE", IF(AND(B24=0,C24=0,D24>0,D24<=2),"New Trial Account", IF(AND(B24=0,D24=0),"Inactive / One-Off", "Stable / Active"))))) -> STILL CHURNED | G24: =IFERROR((D24-B24)/B24,0) -> -1
A25: Account 064 | B25: 2 | E25: =B25 -> 2 | F25: =IF(AND(B25>0,D25=0),"STILL CHURNED", IF(AND(B25>0,C25=0,D25>0),"Recovered in Q3", IF(AND(B25>0,D25>0,IFERROR((D25-B25)/B25,0)<=-0.4),"CRITICAL DECLINE", IF(AND(B25=0,C25=0,D25>0,D25<=2),"New Trial Account", IF(AND(B25=0,D25=0),"Inactive / One-Off", "Stable / Active"))))) -> STILL CHURNED | G25: =IFERROR((D25-B25)/B25,0) -> -1
A26: Account 015 | B26: 12 | C26: 2 | D26: 3 | E26: =B26 -> 12 | F26: =IF(AND(B26>0,D26=0),"STILL CHURNED", IF(AND(B26>0,C26=0,D26>0),"Recovered in Q3", IF(AND(B26>0,D26>0,IFERROR((D26-B26)/B26,0)<=-0.4),"CRITICAL DECLINE", IF(AND(B26=0,C26=0,D26>0,D26<=2),"New Trial Account", IF(AND(B26=0,D26=0),"Inactive / One-Off", "Stable / Active"))))) -> CRITICAL DECLINE | G26: =IFERROR((D26-B26)/B26,0) -> -0.75
A27: Account 012 | B27: 15 | C27: 12 | D27: 4 | E27: =B27 -> 15 | F27: =IF(AND(B27>0,D27=0),"STILL CHURNED", IF(AND(B27>0,C27=0,D27>0),"Recovered in Q3", IF(AND(B27>0,D27>0,IFERROR((D27-B27)/B27,0)<=-0.4),"CRITICAL DECLINE", IF(AND(B27=0,C27=0,D27>0,D27<=2),"New Trial Account", IF(AND(B27=0,D27=0),"Inactive / One-Off", "Stable / Active"))))) -> CRITICAL DECLINE | G27: =IFERROR((D27-B27)/B27,0) -> -0.73333333
A28: Account 008 | B28: 14 | C28: 3 | D28: 4 | E28: =B28 -> 14 | F28: =IF(AND(B28>0,D28=0),"STILL CHURNED", IF(AND(B28>0,C28=0,D28>0),"Recovered in Q3", IF(AND(B28>0,D28>0,IFERROR((D28-B28)/B28,0)<=-0.4),"CRITICAL DECLINE", IF(AND(B28=0,C28=0,D28>0,D28<=2),"New Trial Account", IF(AND(B28=0,D28=0),"Inactive / One-Off", "Stable / Active"))))) -> CRITICAL DECLINE | G28: =IFERROR((D28-B28)/B28,0) -> -0.71428571
A29: Account 044 | B29: 5 | C29: 2 | D29: 2 | E29: =B29 -> 5 | F29: =IF(AND(B29>0,D29=0),"STILL CHURNED", IF(AND(B29>0,C29=0,D29>0),"Recovered in Q3", IF(AND(B29>0,D29>0,IFERROR((D29-B29)/B29,0)<=-0.4),"CRITICAL DECLINE", IF(AND(B29=0,C29=0,D29>0,D29<=2),"New Trial Account", IF(AND(B29=0,D29=0),"Inactive / One-Off", "Stable / Active"))))) -> CRITICAL DECLINE | G29: =IFERROR((D29-B29)/B29,0) -> -0.6
A30: Account 013 | B30: 4 | C30: 1 | D30: 2 | E30: =B30 -> 4 | F30: =IF(AND(B30>0,D30=0),"STILL CHURNED", IF(AND(B30>0,C30=0,D30>0),"Recovered in Q3", IF(AND(B30>0,D30>0,IFERROR((D30-B30)/B30,0)<=-0.4),"CRITICAL DECLINE", IF(AND(B30=0,C30=0,D30>0,D30<=2),"New Trial Account", IF(AND(B30=0,D30=0),"Inactive / One-Off", "Stable / Active"))))) -> CRITICAL DECLINE | G30: =IFERROR((D30-B30)/B30,0) -> -0.5
A31: Account 021 | B31: 8 | D31: 4 | E31: =B31 -> 8 | F31: =IF(AND(B31>0,D31=0),"STILL CHURNED", IF(AND(B31>0,C31=0,D31>0),"Recovered in Q3", IF(AND(B31>0,D31>0,IFERROR((D31-B31)/B31,0)<=-0.4),"CRITICAL DECLINE", IF(AND(B31=0,C31=0,D31>0,D31<=2),"New Trial Account", IF(AND(B31=0,D31=0),"Inactive / One-Off", "Stable / Active"))))) -> Recovered in Q3 | G31: =IFERROR((D31-B31)/B31,0) -> -0.5
A32: Account 032 | B32: 13 | C32: 5 | D32: 7 | E32: =B32 -> 13 | F32: =IF(AND(B32>0,D32=0),"STILL CHURNED", IF(AND(B32>0,C32=0,D32>0),"Recovered in Q3", IF(AND(B32>0,D32>0,IFERROR((D32-B32)/B32,0)<=-0.4),"CRITICAL DECLINE", IF(AND(B32=0,C32=0,D32>0,D32<=2),"New Trial Account", IF(AND(B32=0,D32=0),"Inactive / One-Off", "Stable / Active"))))) -> CRITICAL DECLINE | G32: =IFERROR((D32-B32)/B32,0) -> -0.46153846
A33: Account 006 | B33: 25 | C33: 17 | D33: 14 | E33: =B33 -> 25 | F33: =IF(AND(B33>0,D33=0),"STILL CHURNED", IF(AND(B33>0,C33=0,D33>0),"Recovered in Q3", IF(AND(B33>0,D33>0,IFERROR((D33-B33)/B33,0)<=-0.4),"CRITICAL DECLINE", IF(AND(B33=0,C33=0,D33>0,D33<=2),"New Trial Account", IF(AND(B33=0,D33=0),"Inactive / One-Off", "Stable / Active"))))) -> CRITICAL DECLINE | G33: =IFERROR((D33-B33)/B33,0) -> -0.44
A34: Account 017 | B34: 27 | C34: 11 | D34: 16 | E34: =B34 -> 27 | F34: =IF(AND(B34>0,D34=0),"STILL CHURNED", IF(AND(B34>0,C34=0,D34>0),"Recovered in Q3", IF(AND(B34>0,D34>0,IFERROR((D34-B34)/B34,0)<=-0.4),"CRITICAL DECLINE", IF(AND(B34=0,C34=0,D34>0,D34<=2),"New Trial Account", IF(AND(B34=0,D34=0),"Inactive / One-Off", "Stable / Active"))))) -> CRITICAL DECLINE | G34: =IFERROR((D34-B34)/B34,0) -> -0.40740741
A35: Account 040 | B35: 3 | D35: 2 | E35: =B35 -> 3 | F35: =IF(AND(B35>0,D35=0),"STILL CHURNED", IF(AND(B35>0,C35=0,D35>0),"Recovered in Q3", IF(AND(B35>0,D35>0,IFERROR((D35-B35)/B35,0)<=-0.4),"CRITICAL DECLINE", IF(AND(B35=0,C35=0,D35>0,D35<=2),"New Trial Account", IF(AND(B35=0,D35=0),"Inactive / One-Off", "Stable / Active"))))) -> Recovered in Q3 | G35: =IFERROR((D35-B35)/B35,0) -> -0.33333333
A36: Account 010 | B36: 68 | C36: 12 | D36: 58 | E36: =B36 -> 68 | F36: =IF(AND(B36>0,D36=0),"STILL CHURNED", IF(AND(B36>0,C36=0,D36>0),"Recovered in Q3", IF(AND(B36>0,D36>0,IFERROR((D36-B36)/B36,0)<=-0.4),"CRITICAL DECLINE", IF(AND(B36=0,C36=0,D36>0,D36<=2),"New Trial Account", IF(AND(B36=0,D36=0),"Inactive / One-Off", "Stable / Active"))))) -> Stable / Active | G36: =IFERROR((D36-B36)/B36,0) -> -0.14705882
A37: Account 014 | B37: 7 | C37: 8 | D37: 6 | E37: =B37 -> 7 | F37: =IF(AND(B37>0,D37=0),"STILL CHURNED", IF(AND(B37>0,C37=0,D37>0),"Recovered in Q3", IF(AND(B37>0,D37>0,IFERROR((D37-B37)/B37,0)<=-0.4),"CRITICAL DECLINE", IF(AND(B37=0,C37=0,D37>0,D37<=2),"New Trial Account", IF(AND(B37=0,D37=0),"Inactive / One-Off", "Stable / Active"))))) -> Stable / Active | G37: =IFERROR((D37-B37)/B37,0) -> -0.14285714
A38: Account 024 | B38: 7 | C38: 2 | D38: 6 | E38: =B38 -> 7 | F38: =IF(AND(B38>0,D38=0),"STILL CHURNED", IF(AND(B38>0,C38=0,D38>0),"Recovered in Q3", IF(AND(B38>0,D38>0,IFERROR((D38-B38)/B38,0)<=-0.4),"CRITICAL DECLINE", IF(AND(B38=0,C38=0,D38>0,D38<=2),"New Trial Account", IF(AND(B38=0,D38=0),"Inactive / One-Off", "Stable / Active"))))) -> Stable / Active | G38: =IFERROR((D38-B38)/B38,0) -> -0.14285714
A39: Account 025 | B39: 50 | C39: 26 | D39: 44 | E39: =B39 -> 50 | F39: =IF(AND(B39>0,D39=0),"STILL CHURNED", IF(AND(B39>0,C39=0,D39>0),"Recovered in Q3", IF(AND(B39>0,D39>0,IFERROR((D39-B39)/B39,0)<=-0.4),"CRITICAL DECLINE", IF(AND(B39=0,C39=0,D39>0,D39<=2),"New Trial Account", IF(AND(B39=0,D39=0),"Inactive / One-Off", "Stable / Active"))))) -> Stable / Active | G39: =IFERROR((D39-B39)/B39,0) -> -0.12
A40: Account 023 | B40: 13 | C40: 4 | D40: 13 | E40: =B40 -> 13 | F40: =IF(AND(B40>0,D40=0),"STILL CHURNED", IF(AND(B40>0,C40=0,D40>0),"Recovered in Q3", IF(AND(B40>0,D40>0,IFERROR((D40-B40)/B40,0)<=-0.4),"CRITICAL DECLINE", IF(AND(B40=0,C40=0,D40>0,D40<=2),"New Trial Account", IF(AND(B40=0,D40=0),"Inactive / One-Off", "Stable / Active"))))) -> Stable / Active | G40: =IFERROR((D40-B40)/B40,0) -> 0
A41: Account 026 | B41: 1 | D41: 1 | E41: =B41 -> 1 | F41: =IF(AND(B41>0,D41=0),"STILL CHURNED", IF(AND(B41>0,C41=0,D41>0),"Recovered in Q3", IF(AND(B41>0,D41>0,IFERROR((D41-B41)/B41,0)<=-0.4),"CRITICAL DECLINE", IF(AND(B41=0,C41=0,D41>0,D41<=2),"New Trial Account", IF(AND(B41=0,D41=0),"Inactive / One-Off", "Stable / Active"))))) -> Recovered in Q3 | G41: =IFERROR((D41-B41)/B41,0) -> 0
A42: Account 035 | B42: 2 | C42: 1 | D42: 2 | E42: =B42 -> 2 | F42: =IF(AND(B42>0,D42=0),"STILL CHURNED", IF(AND(B42>0,C42=0,D42>0),"Recovered in Q3", IF(AND(B42>0,D42>0,IFERROR((D42-B42)/B42,0)<=-0.4),"CRITICAL DECLINE", IF(AND(B42=0,C42=0,D42>0,D42<=2),"New Trial Account", IF(AND(B42=0,D42=0),"Inactive / One-Off", "Stable / Active"))))) -> Stable / Active | G42: =IFERROR((D42-B42)/B42,0) -> 0
A43: Account 039 | B43: 1 | C43: 5 | D43: 1 | E43: =B43 -> 1 | F43: =IF(AND(B43>0,D43=0),"STILL CHURNED", IF(AND(B43>0,C43=0,D43>0),"Recovered in Q3", IF(AND(B43>0,D43>0,IFERROR((D43-B43)/B43,0)<=-0.4),"CRITICAL DECLINE", IF(AND(B43=0,C43=0,D43>0,D43<=2),"New Trial Account", IF(AND(B43=0,D43=0),"Inactive / One-Off", "Stable / Active"))))) -> Stable / Active | G43: =IFERROR((D43-B43)/B43,0) -> 0
A44: Account 042 | B44: 2 | D44: 2 | E44: =B44 -> 2 | F44: =IF(AND(B44>0,D44=0),"STILL CHURNED", IF(AND(B44>0,C44=0,D44>0),"Recovered in Q3", IF(AND(B44>0,D44>0,IFERROR((D44-B44)/B44,0)<=-0.4),"CRITICAL DECLINE", IF(AND(B44=0,C44=0,D44>0,D44<=2),"New Trial Account", IF(AND(B44=0,D44=0),"Inactive / One-Off", "Stable / Active"))))) -> Recovered in Q3 | G44: =IFERROR((D44-B44)/B44,0) -> 0
A45: Account 050 | B45: 1 | D45: 1 | E45: =B45 -> 1 | F45: =IF(AND(B45>0,D45=0),"STILL CHURNED", IF(AND(B45>0,C45=0,D45>0),"Recovered in Q3", IF(AND(B45>0,D45>0,IFERROR((D45-B45)/B45,0)<=-0.4),"CRITICAL DECLINE", IF(AND(B45=0,C45=0,D45>0,D45<=2),"New Trial Account", IF(AND(B45=0,D45=0),"Inactive / One-Off", "Stable / Active"))))) -> Recovered in Q3 | G45: =IFERROR((D45-B45)/B45,0) -> 0
A46: Account 061 | B46: 1 | D46: 1 | E46: =B46 -> 1 | F46: =IF(AND(B46>0,D46=0),"STILL CHURNED", IF(AND(B46>0,C46=0,D46>0),"Recovered in Q3", IF(AND(B46>0,D46>0,IFERROR((D46-B46)/B46,0)<=-0.4),"CRITICAL DECLINE", IF(AND(B46=0,C46=0,D46>0,D46<=2),"New Trial Account", IF(AND(B46=0,D46=0),"Inactive / One-Off", "Stable / Active"))))) -> Recovered in Q3 | G46: =IFERROR((D46-B46)/B46,0) -> 0
A47: Account 066 | C47: 3 | E47: =B47 -> 0 | F47: =IF(AND(B47>0,D47=0),"STILL CHURNED", IF(AND(B47>0,C47=0,D47>0),"Recovered in Q3", IF(AND(B47>0,D47>0,IFERROR((D47-B47)/B47,0)<=-0.4),"CRITICAL DECLINE", IF(AND(B47=0,C47=0,D47>0,D47<=2),"New Trial Account", IF(AND(B47=0,D47=0),"Inactive / One-Off", "Stable / Active"))))) -> Inactive / One-Off | G47: =IFERROR((D47-B47)/B47,0) -> 0
A48: Account 067 | C48: 1 | D48: 1 | E48: =B48 -> 0 | F48: =IF(AND(B48>0,D48=0),"STILL CHURNED", IF(AND(B48>0,C48=0,D48>0),"Recovered in Q3", IF(AND(B48>0,D48>0,IFERROR((D48-B48)/B48,0)<=-0.4),"CRITICAL DECLINE", IF(AND(B48=0,C48=0,D48>0,D48<=2),"New Trial Account", IF(AND(B48=0,D48=0),"Inactive / One-Off", "Stable / Active"))))) -> Stable / Active | G48: =IFERROR((D48-B48)/B48,0) -> 0 | J48: No of accounts | K48: =SUBTOTAL(103,A36:A95) -> 60
A49: Account 068 | C49: 1 | E49: =B49 -> 0 | F49: =IF(AND(B49>0,D49=0),"STILL CHURNED", IF(AND(B49>0,C49=0,D49>0),"Recovered in Q3", IF(AND(B49>0,D49>0,IFERROR((D49-B49)/B49,0)<=-0.4),"CRITICAL DECLINE", IF(AND(B49=0,C49=0,D49>0,D49<=2),"New Trial Account", IF(AND(B49=0,D49=0),"Inactive / One-Off", "Stable / Active"))))) -> Inactive / One-Off | G49: =IFERROR((D49-B49)/B49,0) -> 0
A50: Account 069 | C50: 2 | D50: 1 | E50: =B50 -> 0 | F50: =IF(AND(B50>0,D50=0),"STILL CHURNED", IF(AND(B50>0,C50=0,D50>0),"Recovered in Q3", IF(AND(B50>0,D50>0,IFERROR((D50-B50)/B50,0)<=-0.4),"CRITICAL DECLINE", IF(AND(B50=0,C50=0,D50>0,D50<=2),"New Trial Account", IF(AND(B50=0,D50=0),"Inactive / One-Off", "Stable / Active"))))) -> Stable / Active | G50: =IFERROR((D50-B50)/B50,0) -> 0 | J50: total q1 | K50: =SUBTOTAL(9,B36:B95) -> 353
A51: Account 072 | C51: 1 | D51: 2 | E51: =B51 -> 0 | F51: =IF(AND(B51>0,D51=0),"STILL CHURNED", IF(AND(B51>0,C51=0,D51>0),"Recovered in Q3", IF(AND(B51>0,D51>0,IFERROR((D51-B51)/B51,0)<=-0.4),"CRITICAL DECLINE", IF(AND(B51=0,C51=0,D51>0,D51<=2),"New Trial Account", IF(AND(B51=0,D51=0),"Inactive / One-Off", "Stable / Active"))))) -> Stable / Active | G51: =IFERROR((D51-B51)/B51,0) -> 0 | J51: total q3 | K51: =SUBTOTAL(9,D36:D95) -> 510
A52: Account 073 | C52: 1 | D52: 1 | E52: =B52 -> 0 | F52: =IF(AND(B52>0,D52=0),"STILL CHURNED", IF(AND(B52>0,C52=0,D52>0),"Recovered in Q3", IF(AND(B52>0,D52>0,IFERROR((D52-B52)/B52,0)<=-0.4),"CRITICAL DECLINE", IF(AND(B52=0,C52=0,D52>0,D52<=2),"New Trial Account", IF(AND(B52=0,D52=0),"Inactive / One-Off", "Stable / Active"))))) -> Stable / Active | G52: =IFERROR((D52-B52)/B52,0) -> 0
A53: Account 074 | C53: 1 | E53: =B53 -> 0 | F53: =IF(AND(B53>0,D53=0),"STILL CHURNED", IF(AND(B53>0,C53=0,D53>0),"Recovered in Q3", IF(AND(B53>0,D53>0,IFERROR((D53-B53)/B53,0)<=-0.4),"CRITICAL DECLINE", IF(AND(B53=0,C53=0,D53>0,D53<=2),"New Trial Account", IF(AND(B53=0,D53=0),"Inactive / One-Off", "Stable / Active"))))) -> Inactive / One-Off | G53: =IFERROR((D53-B53)/B53,0) -> 0
A54: Account 075 | C54: 2 | E54: =B54 -> 0 | F54: =IF(AND(B54>0,D54=0),"STILL CHURNED", IF(AND(B54>0,C54=0,D54>0),"Recovered in Q3", IF(AND(B54>0,D54>0,IFERROR((D54-B54)/B54,0)<=-0.4),"CRITICAL DECLINE", IF(AND(B54=0,C54=0,D54>0,D54<=2),"New Trial Account", IF(AND(B54=0,D54=0),"Inactive / One-Off", "Stable / Active"))))) -> Inactive / One-Off | G54: =IFERROR((D54-B54)/B54,0) -> 0
A55: Account 076 | C55: 4 | D55: 3 | E55: =B55 -> 0 | F55: =IF(AND(B55>0,D55=0),"STILL CHURNED", IF(AND(B55>0,C55=0,D55>0),"Recovered in Q3", IF(AND(B55>0,D55>0,IFERROR((D55-B55)/B55,0)<=-0.4),"CRITICAL DECLINE", IF(AND(B55=0,C55=0,D55>0,D55<=2),"New Trial Account", IF(AND(B55=0,D55=0),"Inactive / One-Off", "Stable / Active"))))) -> Stable / Active | G55: =IFERROR((D55-B55)/B55,0) -> 0
A56: Account 077 | C56: 1 | D56: 3 | E56: =B56 -> 0 | F56: =IF(AND(B56>0,D56=0),"STILL CHURNED", IF(AND(B56>0,C56=0,D56>0),"Recovered in Q3", IF(AND(B56>0,D56>0,IFERROR((D56-B56)/B56,0)<=-0.4),"CRITICAL DECLINE", IF(AND(B56=0,C56=0,D56>0,D56<=2),"New Trial Account", IF(AND(B56=0,D56=0),"Inactive / One-Off", "Stable / Active"))))) -> Stable / Active | G56: =IFERROR((D56-B56)/B56,0) -> 0
A57: Account 079 | C57: 1 | D57: 1 | E57: =B57 -> 0 | F57: =IF(AND(B57>0,D57=0),"STILL CHURNED", IF(AND(B57>0,C57=0,D57>0),"Recovered in Q3", IF(AND(B57>0,D57>0,IFERROR((D57-B57)/B57,0)<=-0.4),"CRITICAL DECLINE", IF(AND(B57=0,C57=0,D57>0,D57<=2),"New Trial Account", IF(AND(B57=0,D57=0),"Inactive / One-Off", "Stable / Active"))))) -> Stable / Active | G57: =IFERROR((D57-B57)/B57,0) -> 0
A58: Account 080 | C58: 1 | E58: =B58 -> 0 | F58: =IF(AND(B58>0,D58=0),"STILL CHURNED", IF(AND(B58>0,C58=0,D58>0),"Recovered in Q3", IF(AND(B58>0,D58>0,IFERROR((D58-B58)/B58,0)<=-0.4),"CRITICAL DECLINE", IF(AND(B58=0,C58=0,D58>0,D58<=2),"New Trial Account", IF(AND(B58=0,D58=0),"Inactive / One-Off", "Stable / Active"))))) -> Inactive / One-Off | G58: =IFERROR((D58-B58)/B58,0) -> 0
A59: Account 083 | C59: 1 | D59: 1 | E59: =B59 -> 0 | F59: =IF(AND(B59>0,D59=0),"STILL CHURNED", IF(AND(B59>0,C59=0,D59>0),"Recovered in Q3", IF(AND(B59>0,D59>0,IFERROR((D59-B59)/B59,0)<=-0.4),"CRITICAL DECLINE", IF(AND(B59=0,C59=0,D59>0,D59<=2),"New Trial Account", IF(AND(B59=0,D59=0),"Inactive / One-Off", "Stable / Active"))))) -> Stable / Active | G59: =IFERROR((D59-B59)/B59,0) -> 0
A60: Account 084 | C60: 1 | D60: 2 | E60: =B60 -> 0 | F60: =IF(AND(B60>0,D60=0),"STILL CHURNED", IF(AND(B60>0,C60=0,D60>0),"Recovered in Q3", IF(AND(B60>0,D60>0,IFERROR((D60-B60)/B60,0)<=-0.4),"CRITICAL DECLINE", IF(AND(B60=0,C60=0,D60>0,D60<=2),"New Trial Account", IF(AND(B60=0,D60=0),"Inactive / One-Off", "Stable / Active"))))) -> Stable / Active | G60: =IFERROR((D60-B60)/B60,0) -> 0
A61: Account 085 | C61: 1 | E61: =B61 -> 0 | F61: =IF(AND(B61>0,D61=0),"STILL CHURNED", IF(AND(B61>0,C61=0,D61>0),"Recovered in Q3", IF(AND(B61>0,D61>0,IFERROR((D61-B61)/B61,0)<=-0.4),"CRITICAL DECLINE", IF(AND(B61=0,C61=0,D61>0,D61<=2),"New Trial Account", IF(AND(B61=0,D61=0),"Inactive / One-Off", "Stable / Active"))))) -> Inactive / One-Off | G61: =IFERROR((D61-B61)/B61,0) -> 0
A62: Account 086 | D62: 3 | E62: =B62 -> 0 | F62: =IF(AND(B62>0,D62=0),"STILL CHURNED", IF(AND(B62>0,C62=0,D62>0),"Recovered in Q3", IF(AND(B62>0,D62>0,IFERROR((D62-B62)/B62,0)<=-0.4),"CRITICAL DECLINE", IF(AND(B62=0,C62=0,D62>0,D62<=2),"New Trial Account", IF(AND(B62=0,D62=0),"Inactive / One-Off", "Stable / Active"))))) -> Stable / Active | G62: =IFERROR((D62-B62)/B62,0) -> 0
A63: Account 087 | D63: 1 | E63: =B63 -> 0 | F63: =IF(AND(B63>0,D63=0),"STILL CHURNED", IF(AND(B63>0,C63=0,D63>0),"Recovered in Q3", IF(AND(B63>0,D63>0,IFERROR((D63-B63)/B63,0)<=-0.4),"CRITICAL DECLINE", IF(AND(B63=0,C63=0,D63>0,D63<=2),"New Trial Account", IF(AND(B63=0,D63=0),"Inactive / One-Off", "Stable / Active"))))) -> New Trial Account | G63: =IFERROR((D63-B63)/B63,0) -> 0
A64: Account 088 | D64: 1 | E64: =B64 -> 0 | F64: =IF(AND(B64>0,D64=0),"STILL CHURNED", IF(AND(B64>0,C64=0,D64>0),"Recovered in Q3", IF(AND(B64>0,D64>0,IFERROR((D64-B64)/B64,0)<=-0.4),"CRITICAL DECLINE", IF(AND(B64=0,C64=0,D64>0,D64<=2),"New Trial Account", IF(AND(B64=0,D64=0),"Inactive / One-Off", "Stable / Active"))))) -> New Trial Account | G64: =IFERROR((D64-B64)/B64,0) -> 0
A65: Account 089 | D65: 3 | E65: =B65 -> 0 | F65: =IF(AND(B65>0,D65=0),"STILL CHURNED", IF(AND(B65>0,C65=0,D65>0),"Recovered in Q3", IF(AND(B65>0,D65>0,IFERROR((D65-B65)/B65,0)<=-0.4),"CRITICAL DECLINE", IF(AND(B65=0,C65=0,D65>0,D65<=2),"New Trial Account", IF(AND(B65=0,D65=0),"Inactive / One-Off", "Stable / Active"))))) -> Stable / Active | G65: =IFERROR((D65-B65)/B65,0) -> 0
A66: Account 090 | D66: 3 | E66: =B66 -> 0 | F66: =IF(AND(B66>0,D66=0),"STILL CHURNED", IF(AND(B66>0,C66=0,D66>0),"Recovered in Q3", IF(AND(B66>0,D66>0,IFERROR((D66-B66)/B66,0)<=-0.4),"CRITICAL DECLINE", IF(AND(B66=0,C66=0,D66>0,D66<=2),"New Trial Account", IF(AND(B66=0,D66=0),"Inactive / One-Off", "Stable / Active"))))) -> Stable / Active | G66: =IFERROR((D66-B66)/B66,0) -> 0
A67: Account 091 | D67: 1 | E67: =B67 -> 0 | F67: =IF(AND(B67>0,D67=0),"STILL CHURNED", IF(AND(B67>0,C67=0,D67>0),"Recovered in Q3", IF(AND(B67>0,D67>0,IFERROR((D67-B67)/B67,0)<=-0.4),"CRITICAL DECLINE", IF(AND(B67=0,C67=0,D67>0,D67<=2),"New Trial Account", IF(AND(B67=0,D67=0),"Inactive / One-Off", "Stable / Active"))))) -> New Trial Account | G67: =IFERROR((D67-B67)/B67,0) -> 0
A68: Account 092 | D68: 3 | E68: =B68 -> 0 | F68: =IF(AND(B68>0,D68=0),"STILL CHURNED", IF(AND(B68>0,C68=0,D68>0),"Recovered in Q3", IF(AND(B68>0,D68>0,IFERROR((D68-B68)/B68,0)<=-0.4),"CRITICAL DECLINE", IF(AND(B68=0,C68=0,D68>0,D68<=2),"New Trial Account", IF(AND(B68=0,D68=0),"Inactive / One-Off", "Stable / Active"))))) -> Stable / Active | G68: =IFERROR((D68-B68)/B68,0) -> 0
A69: Account 093 | D69: 1 | E69: =B69 -> 0 | F69: =IF(AND(B69>0,D69=0),"STILL CHURNED", IF(AND(B69>0,C69=0,D69>0),"Recovered in Q3", IF(AND(B69>0,D69>0,IFERROR((D69-B69)/B69,0)<=-0.4),"CRITICAL DECLINE", IF(AND(B69=0,C69=0,D69>0,D69<=2),"New Trial Account", IF(AND(B69=0,D69=0),"Inactive / One-Off", "Stable / Active"))))) -> New Trial Account | G69: =IFERROR((D69-B69)/B69,0) -> 0
A70: Account 094 | D70: 2 | E70: =B70 -> 0 | F70: =IF(AND(B70>0,D70=0),"STILL CHURNED", IF(AND(B70>0,C70=0,D70>0),"Recovered in Q3", IF(AND(B70>0,D70>0,IFERROR((D70-B70)/B70,0)<=-0.4),"CRITICAL DECLINE", IF(AND(B70=0,C70=0,D70>0,D70<=2),"New Trial Account", IF(AND(B70=0,D70=0),"Inactive / One-Off", "Stable / Active"))))) -> New Trial Account | G70: =IFERROR((D70-B70)/B70,0) -> 0
A71: Account 096 | D71: 2 | E71: =B71 -> 0 | F71: =IF(AND(B71>0,D71=0),"STILL CHURNED", IF(AND(B71>0,C71=0,D71>0),"Recovered in Q3", IF(AND(B71>0,D71>0,IFERROR((D71-B71)/B71,0)<=-0.4),"CRITICAL DECLINE", IF(AND(B71=0,C71=0,D71>0,D71<=2),"New Trial Account", IF(AND(B71=0,D71=0),"Inactive / One-Off", "Stable / Active"))))) -> New Trial Account | G71: =IFERROR((D71-B71)/B71,0) -> 0
A72: Account 097 | D72: 1 | E72: =B72 -> 0 | F72: =IF(AND(B72>0,D72=0),"STILL CHURNED", IF(AND(B72>0,C72=0,D72>0),"Recovered in Q3", IF(AND(B72>0,D72>0,IFERROR((D72-B72)/B72,0)<=-0.4),"CRITICAL DECLINE", IF(AND(B72=0,C72=0,D72>0,D72<=2),"New Trial Account", IF(AND(B72=0,D72=0),"Inactive / One-Off", "Stable / Active"))))) -> New Trial Account | G72: =IFERROR((D72-B72)/B72,0) -> 0
A73: Account 098 | D73: 2 | E73: =B73 -> 0 | F73: =IF(AND(B73>0,D73=0),"STILL CHURNED", IF(AND(B73>0,C73=0,D73>0),"Recovered in Q3", IF(AND(B73>0,D73>0,IFERROR((D73-B73)/B73,0)<=-0.4),"CRITICAL DECLINE", IF(AND(B73=0,C73=0,D73>0,D73<=2),"New Trial Account", IF(AND(B73=0,D73=0),"Inactive / One-Off", "Stable / Active"))))) -> New Trial Account | G73: =IFERROR((D73-B73)/B73,0) -> 0
... A78: Account 106 | D78: 1 | E78: =B78 -> 0 | F78: =IF(AND(B78>0,D78=0),"STILL CHURNED", IF(AND(B78>0,C78=0,D78>0),"Recovered in Q3", IF(AND(B78>0,D78>0,IFERROR((D78-B78)/B78,0)<=-0.4),"CRITICAL DECLINE", IF(AND(B78=0,C78=0,D78>0,D78<=2),"New Trial Account", IF(AND(B78=0,D78=0),"Inactive / One-Off", "Stable / Active"))))) -> New Trial Account | G78: =IFERROR((D78-B78)/B78,0) -> 0
A79: Account 018 | B79: 17 | C79: 12 | D79: 20 | E79: =B79 -> 17 | F79: =IF(AND(B79>0,D79=0),"STILL CHURNED", IF(AND(B79>0,C79=0,D79>0),"Recovered in Q3", IF(AND(B79>0,D79>0,IFERROR((D79-B79)/B79,0)<=-0.4),"CRITICAL DECLINE", IF(AND(B79=0,C79=0,D79>0,D79<=2),"New Trial Account", IF(AND(B79=0,D79=0),"Inactive / One-Off", "Stable / Active"))))) -> Stable / Active | G79: =IFERROR((D79-B79)/B79,0) -> 0.17647059
A80: Account 046 | B80: 8 | C80: 7 | D80: 10 | E80: =B80 -> 8 | F80: =IF(AND(B80>0,D80=0),"STILL CHURNED", IF(AND(B80>0,C80=0,D80>0),"Recovered in Q3", IF(AND(B80>0,D80>0,IFERROR((D80-B80)/B80,0)<=-0.4),"CRITICAL DECLINE", IF(AND(B80=0,C80=0,D80>0,D80<=2),"New Trial Account", IF(AND(B80=0,D80=0),"Inactive / One-Off", "Stable / Active"))))) -> Stable / Active | G80: =IFERROR((D80-B80)/B80,0) -> 0.25
A81: Account 005 | B81: 54 | C81: 49 | D81: 71 | E81: =B81 -> 54 | F81: =IF(AND(B81>0,D81=0),"STILL CHURNED", IF(AND(B81>0,C81=0,D81>0),"Recovered in Q3", IF(AND(B81>0,D81>0,IFERROR((D81-B81)/B81,0)<=-0.4),"CRITICAL DECLINE", IF(AND(B81=0,C81=0,D81>0,D81<=2),"New Trial Account", IF(AND(B81=0,D81=0),"Inactive / One-Off", "Stable / Active"))))) -> Stable / Active | G81: =IFERROR((D81-B81)/B81,0) -> 0.31481481
A82: Account 022 | B82: 3 | C82: 2 | D82: 4 | E82: =B82 -> 3 | F82: =IF(AND(B82>0,D82=0),"STILL CHURNED", IF(AND(B82>0,C82=0,D82>0),"Recovered in Q3", IF(AND(B82>0,D82>0,IFERROR((D82-B82)/B82,0)<=-0.4),"CRITICAL DECLINE", IF(AND(B82=0,C82=0,D82>0,D82<=2),"New Trial Account", IF(AND(B82=0,D82=0),"Inactive / One-Off", "Stable / Active"))))) -> Stable / Active | G82: =IFERROR((D82-B82)/B82,0) -> 0.33333333
A83: Account 038 | B83: 5 | C83: 3 | D83: 7 | E83: =B83 -> 5 | F83: =IF(AND(B83>0,D83=0),"STILL CHURNED", IF(AND(B83>0,C83=0,D83>0),"Recovered in Q3", IF(AND(B83>0,D83>0,IFERROR((D83-B83)/B83,0)<=-0.4),"CRITICAL DECLINE", IF(AND(B83=0,C83=0,D83>0,D83<=2),"New Trial Account", IF(AND(B83=0,D83=0),"Inactive / One-Off", "Stable / Active"))))) -> Stable / Active | G83: =IFERROR((D83-B83)/B83,0) -> 0.4
A84: Account 020 | B84: 10 | C84: 9 | D84: 15 | E84: =B84 -> 10 | F84: =IF(AND(B84>0,D84=0),"STILL CHURNED", IF(AND(B84>0,C84=0,D84>0),"Recovered in Q3", IF(AND(B84>0,D84>0,IFERROR((D84-B84)/B84,0)<=-0.4),"CRITICAL DECLINE", IF(AND(B84=0,C84=0,D84>0,D84<=2),"New Trial Account", IF(AND(B84=0,D84=0),"Inactive / One-Off", "Stable / Active"))))) -> Stable / Active | G84: =IFERROR((D84-B84)/B84,0) -> 0.5
A85: Account 007 | B85: 45 | C85: 27 | D85: 69 | E85: =B85 -> 45 | F85: =IF(AND(B85>0,D85=0),"STILL CHURNED", IF(AND(B85>0,C85=0,D85>0),"Recovered in Q3", IF(AND(B85>0,D85>0,IFERROR((D85-B85)/B85,0)<=-0.4),"CRITICAL DECLINE", IF(AND(B85=0,C85=0,D85>0,D85<=2),"New Trial Account", IF(AND(B85=0,D85=0),"Inactive / One-Off", "Stable / Active"))))) -> Stable / Active | G85: =IFERROR((D85-B85)/B85,0) -> 0.53333333
A86: Account 001 | B86: 8 | C86: 17 | D86: 14 | E86: =B86 -> 8 | F86: =IF(AND(B86>0,D86=0),"STILL CHURNED", IF(AND(B86>0,C86=0,D86>0),"Recovered in Q3", IF(AND(B86>0,D86>0,IFERROR((D86-B86)/B86,0)<=-0.4),"CRITICAL DECLINE", IF(AND(B86=0,C86=0,D86>0,D86<=2),"New Trial Account", IF(AND(B86=0,D86=0),"Inactive / One-Off", "Stable / Active"))))) -> Stable / Active | G86: =IFERROR((D86-B86)/B86,0) -> 0.75
A87: Account 009 | B87: 37 | C87: 42 | D87: 71 | E87: =B87 -> 37 | F87: =IF(AND(B87>0,D87=0),"STILL CHURNED", IF(AND(B87>0,C87=0,D87>0),"Recovered in Q3", IF(AND(B87>0,D87>0,IFERROR((D87-B87)/B87,0)<=-0.4),"CRITICAL DECLINE", IF(AND(B87=0,C87=0,D87>0,D87<=2),"New Trial Account", IF(AND(B87=0,D87=0),"Inactive / One-Off", "Stable / Active"))))) -> Stable / Active | G87: =IFERROR((D87-B87)/B87,0) -> 0.91891892
A88: Account 003 | B88: 2 | C88: 2 | D88: 4 | E88: =B88 -> 2 | F88: =IF(AND(B88>0,D88=0),"STILL CHURNED", IF(AND(B88>0,C88=0,D88>0),"Recovered in Q3", IF(AND(B88>0,D88>0,IFERROR((D88-B88)/B88,0)<=-0.4),"CRITICAL DECLINE", IF(AND(B88=0,C88=0,D88>0,D88<=2),"New Trial Account", IF(AND(B88=0,D88=0),"Inactive / One-Off", "Stable / Active"))))) -> Stable / Active | G88: =IFERROR((D88-B88)/B88,0) -> 1
A89: Account 031 | B89: 2 | C89: 1 | D89: 4 | E89: =B89 -> 2 | F89: =IF(AND(B89>0,D89=0),"STILL CHURNED", IF(AND(B89>0,C89=0,D89>0),"Recovered in Q3", IF(AND(B89>0,D89>0,IFERROR((D89-B89)/B89,0)<=-0.4),"CRITICAL DECLINE", IF(AND(B89=0,C89=0,D89>0,D89<=2),"New Trial Account", IF(AND(B89=0,D89=0),"Inactive / One-Off", "Stable / Active"))))) -> Stable / Active | G89: =IFERROR((D89-B89)/B89,0) -> 1
A90: Account 033 | B90: 3 | C90: 1 | D90: 6 | E90: =B90 -> 3 | F90: =IF(AND(B90>0,D90=0),"STILL CHURNED", IF(AND(B90>0,C90=0,D90>0),"Recovered in Q3", IF(AND(B90>0,D90>0,IFERROR((D90-B90)/B90,0)<=-0.4),"CRITICAL DECLINE", IF(AND(B90=0,C90=0,D90>0,D90<=2),"New Trial Account", IF(AND(B90=0,D90=0),"Inactive / One-Off", "Stable / Active"))))) -> Stable / Active | G90: =IFERROR((D90-B90)/B90,0) -> 1
... A95: Account 065 | B95: 1 | C95: 5 | D95: 14 | E95: =B95 -> 1 | F95: =IF(AND(B95>0,D95=0),"STILL CHURNED", IF(AND(B95>0,C95=0,D95>0),"Recovered in Q3", IF(AND(B95>0,D95>0,IFERROR((D95-B95)/B95,0)<=-0.4),"CRITICAL DECLINE", IF(AND(B95=0,C95=0,D95>0,D95<=2),"New Trial Account", IF(AND(B95=0,D95=0),"Inactive / One-Off", "Stable / Active"))))) -> Stable / Active | G95: =IFERROR((D95-B95)/B95,0) -> 13

Sheet KPI
A1: KPIS | B1: VALUE
A2: Total Customer Account | B2: ='Recovery Analysis'!G14 -> 93
A3: Q1 Total Orders | B3: ='Recovery Analysis'!G15 -> 524
A4: Q3 Total Orders | B4: ='Recovery Analysis'!G16 -> 568
A5: Order Volume Growth | B5: =(B4-B3)/B3 -> 0.083969466
A6: At-Risk Accounts | B6: =23+8 -> 31
A7: At-Risk Account Rate | B7: =B6/B2 -> 0.33333333

Sheet Anonymized data
A1: Order Id | B1: Portfolio Account Name | C1: Portfolio Parent customer Code | D1: Order Pay | E1: Quarter
A2: ORD-000001 | B2: Account 001 | C2: PA-001 | D2: 66100 | E2: Q1
A3: ORD-000002 | B3: Account 002 | C3: PA-002 | D3: 113300 | E3: Q1
A4: ORD-000003 | B4: Account 002 | C4: PA-002 | D4: 92500 | E4: Q1
A5: ORD-000004 | B5: Account 003 | C5: PA-003 | D5: 141300 | E5: Q1
A6: ORD-000005 | B6: Account 004 | C6: PA-004 | D6: 52500 | E6: Q1
A7: ORD-000006 | B7: Account 004 | C7: PA-004 | D7: 204600 | E7: Q1
A8: ORD-000007 | B8: Account 005 | C8: PA-005 | D8: 131900 | E8: Q1
A9: ORD-000008 | B9: Account 006 | C9: PA-006 | D9: 49300 | E9: Q1
A10: ORD-000009 | B10: Account 007 | C10: PA-007 | D10: 52000 | E10: Q1
A11: ORD-000010 | B11: Account 007 | C11: PA-007 | D11: 39400 | E11: Q1
A12: ORD-000011 | B12: Account 008 | C12: PA-008 | D12: 102000 | E12: Q1
A13: ORD-000012 | B13: Account 009 | C13: PA-009 | D13: 41400 | E13: Q1
... A1432: ORD-001431 | B1432: Account 023 | C1432: PA-023 | D1432: 14000 | E1432: Q3
